day,equity,profit,r
0,27000,0,100
0,27038.363636363636,38.36363636363603,40
1,27077.463157024795,77.46315702479478,40.76727272727272
2,27117.31267758227,117.31267758227114,41.549263140495896
3,27157.926584397712,157.92658439771185,42.346253551645425
4,27199.31953978934,199.31953978933961,43.15853168795424
5,27241.5064873253,241.50648732529953,43.98639079578679
6,27284.502657218538,284.50265721853793,44.83012974650599
7,27328.323571825185,328.32357182518535,45.69005314437076
8,27372.98505124838,372.985051248379,46.566471436503704
9,27418.5032190496,418.50321904959856,47.45970102496758
10,27464.89450806955,464.89450806954846,48.37006438099197
11,27512.1756663607,512.1756663607011,49.29789016139097
12,27560.36376323362,560.3637632336213,50.243513327214025
13,27609.476195419284,609.4761954192836,51.207275264672425
14,27659.5306933496,659.5306933495995,52.189523908385674
15,27710.545327558397,710.5453275583968,53.19061386699199
16,27762.5385152052,762.5385152052004,54.21090655116794
17,27815.529026724136,815.5290267241362,55.25077030410401
18,27869.53599260039,869.5359926003912,56.310580534482725
19,27924.578910276636,924.5789102766357,57.39071985200783
20,27980.67765119194,980.6776511919415,58.49157820553271
21,28037.852467955716,1037.8524679557158,59.61355302383883
22,28096.12400165923,1096.124001659231,60.75704935911432
23,28155.51328932742,1155.5132893274204,61.92248003318462
24,28216.04177151361,1216.04177151361,63.11026578654841
25,28277.731300039915,1277.7313000399154,64.3208354302722
26,28340.604145886136,1340.6041458861364,65.55462600079831
27,28404.683007229953,1404.6830072299526,66.81208291772273
28,28469.991017641365,1469.991017641365,68.09366014459906
29,28536.551754434306,1536.5517544343056,69.3998203528273
30,28604.389247178453,1604.389247178453,70.73103508868611
31,28673.52798637433,1673.5279863743308,72.08778494356906
32,28743.992932294783,1743.9929322947828,73.47055972748662
33,28815.809523996075,1815.8095239960749,74.87985864589565
34,28889.003688501816,1889.0036885018162,76.3161904799215
35,28963.60185016308,1963.6018501630788,77.78007377003632
36,29039.630940198025,2039.6309401980252,79.27203700326157
37,29117.118406414553,2117.1184064145527,80.79261880396051
38,29196.092223119413,2196.0922231194127,82.34236812829106
39,29276.580901217432,2276.5809012174323,83.92184446238825
40,29358.613498504423,2358.6134985044228,85.53161802434865
41,29442.219630157553,2442.219630157553,87.17226997008845
42,29527.429479426937,2527.429479426937,88.84439260315106
43,29614.273808532307,2614.273808532307,90.54858958853875
44,29702.7839697687,2702.7839697687014,92.28547617064615
45,29792.991916825173,2792.9919168251727,94.05567939537403
46,29884.930216320638,2884.9302163206376,95.85983833650346
47,29978.63205956097,2978.6320595609686,97.69860432641275
48,30074.13127452164,3074.1312745216383,99.57264119121938
49,30171.462338060188,3171.462338060188,101.48262549043277
50,30270.66038836298,3270.6603883629796,103.42924676120376
51,30371.761237630668,3371.761237630668,105.41320776725959
52,30474.80138500704,3474.8013850070383,107.43522475261335
53,30579.81802975581,3579.81802975581,109.49602770014077
54,30686.849084690217,3686.849084690217,111.59636059511621
55,30795.933189860185,3795.933189860185,113.73698169380434
56,30907.109726502047,3907.109726502047,115.91866379720369
57,31020.418831255858,4020.418831255858,118.14219453004094
58,31135.901410655402,4135.901410655402,120.40837662511716
59,31253.599155896154,4253.599155896154,122.71802821310804
60,31373.554557886528,4373.554557886528,125.07198311792308
61,31495.810922587807,4495.810922587807,127.47109115773056
62,31620.412386648353,4620.412386648353,129.91621845175615
63,31747.4039333377,4747.4039333377,132.40824773296706
64,31876.831408786267,4876.831408786267,134.94807866675401
65,32008.741538536622,5008.741538536622,137.53662817572535
66,32143.181944412187,5143.181944412187,140.17483077073246
67,32280.20116170955,5280.201161709549,142.86363888824374
68,32419.848656720522,5419.848656720522,145.60402323419098
69,32562.174844590343,5562.174844590343,148.39697313441044
70,32707.231107518393,5707.231107518393,151.24349689180687
71,32855.069813308066,5855.069813308066,154.14462215036787
72,33005.74433427243,6005.744334272429,157.10139626616132
73,33159.30906650257,6159.309066502567,160.1148866854486
74,33315.81944950548,6315.819449505478,163.18618133005134
75,33475.33198621872,6475.33198621872,166.31638899010954
76,33637.90426340891,6637.904263408913,169.5066397243744
77,33803.59497246157,6803.594972461571,172.75808526817826
78,33972.4639305697,6972.463930569698,176.0718994492314
79,34144.572102328806,7144.572102328806,179.44927861139396
80,34319.98162174621,7319.981621746207,182.89144204657612
81,34498.755814672426,7498.755814672426,186.39963243492414
82,34680.95922166296,7680.959221662961,189.9751162934485
83,34866.65762127849,7866.657621278493,193.61918443325922
84,35055.91805383211,8055.918053832109,197.33315242556986
85,35248.80884559198,8248.808845591979,201.11836107664217
86,35445.39963344833,8445.39963344833,204.9761769118396
87,35645.761390053565,8645.761390053565,208.9079926689666
88,35849.96644944459,8849.96644944459,212.9152278010713
89,36058.08853315666,9058.08853315666,216.9993289888918
90,36270.20277683812,9270.202776838123,221.1617706631332
91,36486.385757375654,9486.385757375654,225.40405553676246
92,36706.71552053986,9706.71552053986,229.7277151475131
93,36931.27160916112,9931.271609161122,234.13431041079718
94,37160.13509184594,10160.135091845943,238.62543218322244
95,37393.38859224408,10393.388592244082,243.20270183691886
96,37631.116318877124,10631.116318877124,247.86777184488164
97,37873.40409553922,10873.40409553922,252.6223263775425
98,38120.33939228093,11120.339392280926,257.4680819107844
99,38372.01135698741,11372.011356987408,262.4067878456185
100,38628.51084756235,11628.51084756235,267.4402271397482
101,38889.93046472923,11889.93046472923,272.570216951247
102,39156.364585461764,12156.364585461764,277.7986092945846
103,39427.90939705562,12427.90939705562,283.1272917092353
104,39704.66293185369,12704.662931853687,288.5581879411124
105,39986.72510263743,12986.725102637429,294.09325863707375
106,40274.19773869711,13274.197738697112,299.73450205274855
107,40567.18462259394,13567.184622593937,305.48395477394223
108,40865.79152762733,13865.791527627327,311.3436924518787
109,41170.12625602091,14170.126256020907,317.3158305525465
110,41480.29867784095,14480.298677840947,323.40252512041815
111,41796.42077066135,14796.420770661352,329.6059735568189
112,42118.60665998949,15118.606659989491,335.92841541322707
113,42446.97266046747,15446.972660467472,342.3721331997898
114,42781.637317863715,15781.637317863715,348.93945320934944
115,43122.72145187001,16122.721451870013,355.6327463572743
116,43470.34819971952,16470.34819971952,362.45442903740025
117,43824.643060641414,16824.643060641414,369.40696399439037
118,44185.73394116826,17185.733941168262,376.4928612128283
119,44553.75120131249,17553.751201312487,383.71467882336526
120,44928.82770162857,17928.827701628572,391.07502402624976
121,45311.098851177994,18311.098851177994,398.57655403257144
122,45700.70265641423,18700.70265641423,406.2219770235599
123,46097.779771005444,19097.779771005444,414.01405312828456
124,46502.47354661291,19502.473546612913,421.95559542010886
125,46914.9300846434,19914.930084643398,430.04947093225826
126,47335.29828899429,20335.298288994287,438.298601692868
127,47763.72991981045,20763.729919810452,446.70596577988573
128,48200.37964827227,21200.37964827227,455.27459839620906
129,48645.40511243458,21645.40511243458,464.0075929654454
130,49098.96697413673,22098.966974136732,472.9081022486916
131,49561.22897700426,22561.228977004263,481.97933948273464
132,50032.35800556316,23032.35800556316,491.22457954008524
133,50512.52414548805,23512.524145488052,500.64716011126325
134,51001.90074500605,24001.900745006053,510.25048290976105
135,51500.66447747844,24500.664477478444,520.0380149001211
136,52008.9954051828,25008.995405182803,530.0132895495689
137,52527.07704431858,25527.077044318583,540.1799081036561
138,53055.096431259604,26055.096431259604,550.5415408863716
139,53593.2441900774,26593.2441900774,561.101928625192
140,54141.714601359796,27141.714601359796,571.864883801548
141,54700.70567234952,27700.70567234952,582.8342920271959
142,55270.419208428226,28270.419208428226,594.0141134469903
143,55851.06088597171,28851.06088597171,605.4083841685646
144,56442.84032660262,29442.84032660262,617.0212177194342
145,57045.97117286745,30045.971172867452,628.8568065320525
146,57660.67116536518,30660.67116536518,640.919423457349
147,58287.162221355364,31287.162221355364,653.2134233073036
148,58925.67051487409,31925.670514874088,665.7432444271072
149,59576.42655838667,32576.426558386673,678.5134102974818
150,60239.66528600664,33239.66528600664,691.5285311677335
151,60915.626138310945,33915.626138310945,704.7933057201328
152,61604.55314878218,34604.55314878218,718.3125227662189
153,62306.69503190882,35306.69503190882,732.0910629756436
154,63022.305272975434,36022.305272975434,746.1339006381764
155,63751.64221957524,36751.64221957524,760.4461054595087
156,64494.969174878,37494.969174878,775.0328443915048
157,65252.55449268703,38252.55449268703,789.89938349756
158,66024.67167431948,39024.671674319485,805.0510898537406
159,66811.59946734506,39811.59946734506,820.4934334863897
160,67613.62196621868,40613.62196621868,836.2319893469013
161,68431.02871484341,41431.028714843414,852.2724393243735
162,69264.11481110087,42264.114811100866,868.6205742968683
163,70113.18101338652,43113.18101338652,885.2822962220173
164,70978.53384918875,43978.53384918875,902.2636202677304
165,71860.48572575046,44860.48572575046,919.570676983775
166,72759.3550428535,45759.355042853495,937.2097145150093
167,73675.46630776642,46675.466307766415,955.1871008570699
168,74609.1502523972,47609.1502523972,973.5093261553283
169,75560.74395269318,48560.743952693185,992.183005047944
170,76530.59095033121,49530.590950331214,1011.2148790538637
171,77519.04137674211,50519.04137674211,1030.6118190066243
172,78526.45207951417,51526.45207951417,1050.3808275348422
173,79553.18675122122,52553.18675122122,1070.5290415902834
174,80599.61606072192,53599.61606072192,1091.0637350244244
175,81666.11778697759,54666.117786977586,1111.9923212144383
176,82753.07695543689,55753.07695543689,1133.3223557395518
177,83860.88597703664,56860.88597703664,1155.0615391087379
178,84989.94478986888,57989.94478986888,1177.2177195407328
179,86140.66100356546,59140.66100356546,1199.7988957973776
180,87313.45004645204,60313.45004645204,1222.8132200713092
181,88508.73531552489,61508.735315524886,1246.2690009290409
182,89726.9483293045,62726.948329304505,1270.1747063104976
183,90968.52888362117,63968.52888362117,1294.53896658609
184,92233.92521038881,65233.925210388814,1319.3705776724235
185,93523.59413942446,66523.59413942446,1344.6785042077763
186,94838.0012633716,67838.0012633716,1370.4718827884892
187,96177.62110578718,69177.62110578718,1396.760025267432
188,97542.93729245274,70542.93729245274,1423.5524221157436
189,98934.4427259716,71934.4427259716,1450.858745849055
190,100352.63976371524,73352.63976371524,1478.688854519432
191,101798.04039918286,74798.04039918286,1507.0527952743048
192,103271.16644683992,76271.16644683992,1535.9608079836573
193,104772.54973050204,77772.54973050204,1565.4233289367985
194,106302.73227533259,79302.73227533259,1595.4509946100409
195,107862.26650352306,80862.26650352306,1626.0546455066517
196,109451.715433727,82451.715433727,1657.2453300704613
197,111071.65288431941,84071.65288431941,1689.0343086745402
198,112722.663680555,85722.663680555,1721.433057686388
199,114405.34386570018,87405.34386570018,1754.4532736110998
200,116120.30091621498,89120.30091621498,1788.1068773140037
201,117868.15396106237,90868.15396106237,1822.4060183242996
202,119649.53400522457,92649.53400522457,1857.3630792212475
203,121465.08415750662,94465.08415750662,1892.9906801044915
204,123315.4598627097,96315.4598627097,1929.3016831501322
205,125201.32913825804,98201.32913825804,1966.309197254194
206,127123.37281536462,100123.37281536462,2004.0265827651608
207,129082.28478482299,102082.28478482299,2042.4674563072924
208,131078.77224751367,104078.77224751367,2081.64569569646
209,133113.55596971596,106113.55596971596,2121.5754449502733
210,135187.37054331688,108187.37054331688,2162.271119394319
211,137300.96465101143,110300.96465101143,2203.7474108663378
212,139455.10133658993,112455.10133658993,2246.0192930202284
213,141650.55828040998,114650.55828040998,2289.1020267317986
214,143888.12808015238,116888.12808015238,2333.0111656081995
215,146168.61853696257,119168.61853696257,2377.7625616030477
216,148492.85294708068,121492.85294708068,2423.3723707392514
217,150861.6703990656,123861.6703990656,2469.8570589416136
218,153275.9260767204,126275.92607672041,2517.2334079813118
219,155736.4915678284,128736.4915678284,2565.518521534408
220,158244.2551788113,131244.2551788113,2614.729831356568
221,160800.12225542305,133800.12225542305,2664.885103576226
222,163405.01550959525,136405.01550959525,2716.002445108461
223,166059.87535255204,139059.87535255204,2768.100310191905
224,168765.66023431462,141765.66023431462,2821.1975070510407
225,171523.3469897183,144523.3469897183,2875.3132046862925
226,174333.93119106654,147333.93119106654,2930.4669397943658
227,177198.42750754973,150198.42750754973,2986.678623821331
228,180117.8700715582,153117.8700715582,3043.9685501509944
229,183093.3128520217,156093.3128520217,3102.357401431164
230,186125.8300349105,159125.8300349105,3161.8662570404344
231,189216.51641103468,162216.51641103468,3222.51660069821
232,192366.4877712827,165366.4877712827,3284.3303282206934
233,195576.88130944094,168576.88130944094,3347.329755425654
234,198848.8560327402,171848.8560327402,3411.5376261888186
235,202183.59318027733,175183.59318027733,3476.9771206548044
236,205582.29664946266,178582.29664946266,3543.6718636055466
237,209046.1934306478,182046.1934306478,3611.645932989253
238,212576.53405009024,185576.53405009024,3680.923868612956
239,216174.5930214147,189174.5930214147,3751.5306810018046
240,219841.66930573457,192841.66930573457,3823.4918604282943
241,223579.08678059911,196579.08678059911,3896.833386114691
242,227388.19471793607,200388.19471793607,3971.5817356119824
243,231270.36827116195,204270.36827116195,4047.7638943587212
244,235227.00897163607,208227.00897163607,4125.407365423239
245,239259.54523463745,212259.54523463745,4204.540179432722
246,243369.43287504732,216369.43287504732,4285.190904692749
247,247558.15563292324,220558.15563292324,4367.3886575009465
248,251827.22570915477,224827.22570915477,4451.163112658465
249,256178.184311394,229178.184311394,4536.544514183095
250,260612.60221045802,233612.60221045802,4623.56368622788
251,265132.0803074041,238132.0803074041,4712.25204420916
252,269738.2502114825,242738.25021148252,4802.641606148082
253,274432.7748291755,247432.7748291755,4894.76500422965
254,279217.34896453517,252217.34896453517,4988.65549658351
255,284093.6999310367,257093.69993103668,5084.3469792907035
256,289063.5881751684,262063.58817516838,5181.873998620734
257,294128.807911983,267128.807911983,5281.271763503368
258,299291.18777284015,272291.18777284015,5382.57615823966
259,304552.5914655737,277552.5914655737,5485.823755456803
260,309914.91844732244,282914.91844732244,5591.051829311474
261,315380.1046102665,288380.1046102665,5698.298368946449
262,320950.122980518,293950.122980518,5807.60209220533
263,326626.984430417,299626.984430417,5919.002459610359
264,332412.7384044914,305412.7384044914,6032.53968860834
265,338309.47365934117,311309.47365934117,6148.254768089828
266,344319.3190177158,317319.3190177158,6266.189473186823
267,350444.44413705566,323444.44413705566,6386.386380354316
268,356687.06029277557,329687.06029277557,6508.888882741113
269,363049.4211765734,336049.4211765734,6633.741205855511
270,369533.8237100513,342533.8237100513,6760.988423531468
271,376142.6088739441,349142.6088739441,6890.676474201026
272,382878.1625532534,355878.1625532534,7022.8521774788815
273,389742.9163985931,362742.9163985931,7157.5632510650685
274,396739.34870405705,369739.34870405705,7294.858327971862
275,403869.9853019258,376869.9853019258,7434.786974081141
276,411137.4004745355,384137.4004745355,7577.399706038516
277,418544.21788363793,391544.21788363793,7722.74800949071
278,426093.11151758773,399093.11151758773,7870.884357672759
279,433786.8066566978,406786.8066566978,8021.862230351755
280,441628.08085711265,414628.08085711265,8175.736133133956
281,449619.7649535536,422619.7649535536,8332.561617142253
282,457764.74408129905,430764.74408129905,8492.395299071073
283,466065.9587177676,439065.9587177676,8655.294881625981
284,474526.40574408113,447526.40574408113,8821.319174355353
285,483149.1395269903,456149.1395269903,8990.528114881623
286,491937.27302155347,464937.27302155347,9162.982790539805
287,500893.9788949669,473893.9788949669,9338.74546043107
288,510022.49067195214,483022.49067195214,9517.879577899337
289,519326.10390211415,492326.10390211415,9700.449813439043
290,528808.177349691,501808.17734969105,9886.522078042282
291,538472.134206126,511472.134206126,10076.163546993821
292,548321.463325898,521321.46332589805,10269.44268412252
293,558359.7204860585,531359.7204860585,10466.42926651796
294,568590.5296699274,541590.5296699274,10667.19440972117
295,579017.5843754142,552017.5843754142,10871.810593398548
296,589644.6489484335,562644.6489484335,11080.351687508284
297,600475.5599418989,573475.5599418989,11292.89297896867
298,611514.2275007844,584514.2275007844,11509.511198837978
299,622764.636773754,595764.636773754,11730.28455001569
300,634230.8493518687,607230.8493518687,11955.292735475081
301,645917.0047348909,618917.0047348909,12184.616987037374
302,657827.3218257147,630827.3218257147,12418.340094697818
303,669966.1004534625,642966.1004534625,12656.546436514293
304,682337.7229257971,655337.7229257971,12899.322009069248
305,694946.6556110102,667946.6556110102,13146.754458515941
306,707797.4505504577,680797.4505504577,13398.933112220204
307,720894.7471019255,693894.7471019255,13655.949011009154
308,734243.2736145171,707243.2736145171,13917.89494203851
309,747847.8491356682,720847.8491356682,14184.865472290341
310,761713.385150907,734713.385150907,14456.956982713366
311,775844.8873569835,748844.8873569835,14734.26770301814
312,790247.4574690129,763247.4574690129,15016.89774713967
313,804926.2950622822,777926.2950622822,15304.949149380258
314,819886.699449386,792886.699449386,15598.525901245644
315,835134.0715933697,808134.0715933697,15897.73398898772
316,850673.9160575698,823673.9160575698,16202.681431867393
317,866511.8429928559,839511.8429928559,16513.478321151397
318,882653.5701629916,855653.5701629916,16830.23685985712
319,899104.9250088454,872104.9250088454,17153.071403259833
320,915871.8467521969,888871.8467521969,17482.098500176908
321,932960.3885398981,905960.3885398981,17817.436935043937
322,950376.7196291634,923376.7196291634,18159.207770797962
323,968127.1276147773,941127.1276147773,18507.534392583268
324,986218.0206990244,959218.0206990244,18862.542552295545
325,1004655.9300051603,977655.9300051603,19224.36041398049
326,1023447.5119352592,996447.5119352592,19593.118600103204
327,1042599.5505732901,1015599.5505732901,19968.950238705183
328,1062118.960134287,1035118.9601342869,20351.9910114658
329,1082012.7874604992,1055012.7874604992,20742.379202685737
330,1102288.2145654233,1075288.2145654233,21140.255749209984
331,1122952.561226633,1095952.561226633,21545.764291308467
332,1144013.2876283438,1117013.2876283438,21959.051224532657
333,1165477.9970546693,1138477.9970546693,22380.265752566876
334,1187354.4386345362,1160354.4386345362,22809.559941093386
335,1209650.5101392532,1182650.5101392532,23247.088772690724
336,1232374.2608337426,1205374.2608337426,23693.010202785066
337,1255533.8943824626,1228533.8943824626,24147.48521667485
338,1279137.7718110716,1252137.7718110716,24610.677887649254
339,1303115.0445383443,1276115.0445383443,25000
340,1327092.317265617,1300092.317265617,25000
341,1351069.5899928897,1324069.5899928897,25000
342,1375046.8627201624,1348046.8627201624,25000
343,1399024.135447435,1372024.135447435,25000
344,1423001.4081747078,1396001.4081747078,25000
345,1446978.6809019805,1419978.6809019805,25000
346,1470955.9536292532,1443955.9536292532,25000
347,1494933.226356526,1467933.226356526,25000
348,1518910.4990837986,1491910.4990837986,25000
349,1542887.7718110713,1515887.7718110713,25000
350,1566865.044538344,1539865.044538344,25000
351,1590842.3172656167,1563842.3172656167,25000
352,1614819.5899928894,1587819.5899928894,25000
353,1638796.8627201621,1611796.8627201621,25000
354,1662774.1354474348,1635774.1354474348,25000
355,1686751.4081747076,1659751.4081747076,25000
356,1710728.6809019803,1683728.6809019803,25000
357,1734705.953629253,1707705.953629253,25000
358,1758683.2263565257,1731683.2263565257,25000
359,1782660.4990837984,1755660.4990837984,25000
360,1806637.771811071,1779637.771811071,25000
361,1830615.0445383438,1803615.0445383438,25000
362,1854592.3172656165,1827592.3172656165,25000
363,1878569.5899928892,1851569.5899928892,25000
364,1902546.862720162,1875546.862720162,25000
365,1926524.1354474346,1899524.1354474346,25000
366,1950501.4081747073,1923501.4081747073,25000
367,1974478.68090198,1947478.68090198,25000
368,1998455.9536292527,1971455.9536292527,25000
369,2022433.2263565254,1995433.2263565254,25000
370,2046410.4990837981,2019410.4990837981,25000
371,2070387.7718110709,2043387.7718110709,25000
372,2094365.0445383436,2067365.0445383436,25000
373,2118342.3172656163,2091342.3172656163,25000
374,2142319.589992889,2115319.589992889,25000
375,2166296.862720162,2139296.862720162,25000
376,2190274.135447435,2163274.135447435,25000
377,2214251.408174708,2187251.408174708,25000
378,2238228.680901981,2211228.680901981,25000
379,2262205.953629254,2235205.953629254,25000
380,2286183.226356527,2259183.226356527,25000
381,2310160.4990838,2283160.4990838,25000
382,2334137.7718110727,2307137.7718110727,25000
383,2358115.0445383457,2331115.0445383457,25000
384,2382092.3172656186,2355092.3172656186,25000
385,2406069.5899928915,2379069.5899928915,25000
386,2430046.8627201645,2403046.8627201645,25000
387,2454024.1354474374,2427024.1354474374,25000
388,2478001.4081747103,2451001.4081747103,25000
389,2501978.6809019833,2474978.6809019833,25000
390,2525955.953629256,2498955.953629256,25000
391,2549933.226356529,2522933.226356529,25000
392,2573910.499083802,2546910.499083802,25000
393,2597887.771811075,2570887.771811075,25000
394,2621865.044538348,2594865.044538348,25000
395,2645842.317265621,2618842.317265621,25000
396,2669819.589992894,2642819.589992894,25000
397,2693796.862720167,2666796.862720167,25000
398,2717774.1354474397,2690774.1354474397,25000
399,2741751.4081747127,2714751.4081747127,25000
400,2765728.6809019856,2738728.6809019856,25000
401,2789705.9536292586,2762705.9536292586,25000
402,2813683.2263565315,2786683.2263565315,25000
403,2837660.4990838044,2810660.4990838044,25000
404,2861637.7718110774,2834637.7718110774,25000
405,2885615.0445383503,2858615.0445383503,25000
406,2909592.3172656232,2882592.3172656232,25000
407,2933569.589992896,2906569.589992896,25000
408,2957546.862720169,2930546.862720169,25000
409,2981524.135447442,2954524.135447442,25000
410,3005501.408174715,2978501.408174715,25000
411,3029478.680901988,3002478.680901988,25000
412,3053455.953629261,3026455.953629261,25000
413,3077433.226356534,3050433.226356534,25000
414,3101410.4990838068,3074410.4990838068,25000
415,3125387.7718110797,3098387.7718110797,25000
416,3149365.0445383526,3122365.0445383526,25000
417,3173342.3172656256,3146342.3172656256,25000
418,3197319.5899928985,3170319.5899928985,25000
419,3221296.8627201715,3194296.8627201715,25000
420,3245274.1354474444,3218274.1354474444,25000
421,3269251.4081747173,3242251.4081747173,25000
422,3293228.6809019903,3266228.6809019903,25000
423,3317205.953629263,3290205.953629263,25000
424,3341183.226356536,3314183.226356536,25000
425,3365160.499083809,3338160.499083809,25000
426,3389137.771811082,3362137.771811082,25000
427,3413115.044538355,3386115.044538355,25000
428,3437092.317265628,3410092.317265628,25000
429,3461069.589992901,3434069.589992901,25000
430,3485046.862720174,3458046.862720174,25000
431,3509024.1354474467,3482024.1354474467,25000
432,3533001.4081747197,3506001.4081747197,25000
433,3556978.6809019926,3529978.6809019926,25000
434,3580955.9536292655,3553955.9536292655,25000
435,3604933.2263565385,3577933.2263565385,25000
436,3628910.4990838114,3601910.4990838114,25000
437,3652887.7718110844,3625887.7718110844,25000
438,3676865.0445383573,3649865.0445383573,25000
439,3700842.3172656302,3673842.3172656302,25000
440,3724819.589992903,3697819.589992903,25000
441,3748796.862720176,3721796.862720176,25000
442,3772774.135447449,3745774.135447449,25000
443,3796751.408174722,3769751.408174722,25000
444,3820728.680901995,3793728.680901995,25000
445,3844705.953629268,3817705.953629268,25000
446,3868683.226356541,3841683.226356541,25000
447,3892660.4990838137,3865660.4990838137,25000
448,3916637.7718110867,3889637.7718110867,25000
449,3940615.0445383596,3913615.0445383596,25000
450,3964592.3172656326,3937592.3172656326,25000
451,3988569.5899929055,3961569.5899929055,25000
452,4012546.8627201784,3985546.8627201784,25000
453,4036524.1354474514,4009524.1354474514,25000
454,4060501.4081747243,4033501.4081747243,25000
455,4084478.6809019973,4057478.6809019973,25000
456,4108455.95362927,4081455.95362927,25000
457,4132433.226356543,4105433.226356543,25000
458,4156410.499083816,4129410.499083816,25000
459,4180387.771811089,4153387.771811089,25000
460,4204365.044538362,4177365.044538362,25000
461,4228342.317265634,4201342.317265634,25000
462,4252319.589992907,4225319.589992907,25000
463,4276296.862720179,4249296.862720179,25000
464,4300274.135447452,4273274.135447452,25000
465,4324251.408174724,4297251.408174724,25000
466,4348228.680901997,4321228.680901997,25000
467,4372205.953629269,4345205.953629269,25000
468,4396183.226356542,4369183.226356542,25000
469,4420160.499083814,4393160.499083814,25000
470,4444137.771811087,4417137.771811087,25000
471,4468115.044538359,4441115.044538359,25000
472,4492092.317265632,4465092.317265632,25000
473,4516069.589992904,4489069.589992904,25000
474,4540046.862720177,4513046.862720177,25000
475,4564024.135447449,4537024.135447449,25000
476,4588001.4081747215,4561001.4081747215,25000
477,4611978.680901994,4584978.680901994,25000
478,4635955.9536292665,4608955.9536292665,25000
479,4659933.226356539,4632933.226356539,25000
480,4683910.499083811,4656910.499083811,25000
481,4707887.771811084,4680887.771811084,25000
482,4731865.044538356,4704865.044538356,25000
483,4755842.317265629,4728842.317265629,25000
484,4779819.589992901,4752819.589992901,25000
485,4803796.862720174,4776796.862720174,25000
486,4827774.135447446,4800774.135447446,25000
487,4851751.408174719,4824751.408174719,25000
488,4875728.680901991,4848728.680901991,25000
489,4899705.953629264,4872705.953629264,25000
490,4923683.226356536,4896683.226356536,25000
491,4947660.499083809,4920660.499083809,25000
492,4971637.771811081,4944637.771811081,25000
493,4995615.044538354,4968615.044538354,25000
494,5019592.317265626,4992592.317265626,25000
495,5043569.5899928985,5016569.5899928985,25000
496,5067546.862720171,5040546.862720171,25000
497,5091524.135447443,5064524.135447443,25000
498,5115501.408174716,5088501.408174716,25000
499,5139478.680901988,5112478.680901988,25000
500,5163455.953629261,5136455.953629261,25000
501,5187433.226356533,5160433.226356533,25000
502,5211410.499083806,5184410.499083806,25000
503,5235387.771811078,5208387.771811078,25000
504,5259365.044538351,5232365.044538351,25000
505,5283342.317265623,5256342.317265623,25000
506,5307319.589992896,5280319.589992896,25000
507,5331296.862720168,5304296.862720168,25000
508,5355274.135447441,5328274.135447441,25000
509,5379251.408174713,5352251.408174713,25000
510,5403228.680901986,5376228.680901986,25000
511,5427205.953629258,5400205.953629258,25000
512,5451183.226356531,5424183.226356531,25000
513,5475160.499083803,5448160.499083803,25000
514,5499137.7718110755,5472137.7718110755,25000
515,5523115.044538348,5496115.044538348,25000
516,5547092.31726562,5520092.31726562,25000
517,5571069.589992893,5544069.589992893,25000
518,5595046.862720165,5568046.862720165,25000
519,5619024.135447438,5592024.135447438,25000
520,5643001.40817471,5616001.40817471,25000
521,5666978.680901983,5639978.680901983,25000
522,5690955.953629255,5663955.953629255,25000
523,5714933.226356528,5687933.226356528,25000
524,5738910.4990838,5711910.4990838,25000
525,5762887.771811073,5735887.771811073,25000
526,5786865.044538345,5759865.044538345,25000
527,5810842.317265618,5783842.317265618,25000
528,5834819.58999289,5807819.58999289,25000
529,5858796.862720163,5831796.862720163,25000
530,5882774.135447435,5855774.135447435,25000
531,5906751.408174708,5879751.408174708,25000
532,5930728.68090198,5903728.68090198,25000
533,5954705.9536292525,5927705.9536292525,25000
534,5978683.226356525,5951683.226356525,25000
535,6002660.499083797,5975660.499083797,25000
536,6026637.77181107,5999637.77181107,25000
537,6050615.044538342,6023615.044538342,25000
538,6074592.317265615,6047592.317265615,25000
539,6098569.589992887,6071569.589992887,25000
540,6122546.86272016,6095546.86272016,25000
541,6146524.135447432,6119524.135447432,25000
542,6170501.408174705,6143501.408174705,25000
543,6194478.680901977,6167478.680901977,25000
544,6218455.95362925,6191455.95362925,25000
545,6242433.226356522,6215433.226356522,25000
546,6266410.499083795,6239410.499083795,25000
547,6290387.771811067,6263387.771811067,25000
548,6314365.04453834,6287365.04453834,25000
549,6338342.317265612,6311342.317265612,25000
550,6362319.589992885,6335319.589992885,25000
551,6386296.862720157,6359296.862720157,25000
552,6410274.1354474295,6383274.1354474295,25000
553,6434251.408174702,6407251.408174702,25000
554,6458228.680901974,6431228.680901974,25000
555,6482205.953629247,6455205.953629247,25000
556,6506183.226356519,6479183.226356519,25000
557,6530160.499083792,6503160.499083792,25000
558,6554137.771811064,6527137.771811064,25000
559,6578115.044538337,6551115.044538337,25000
560,6602092.317265609,6575092.317265609,25000
561,6626069.589992882,6599069.589992882,25000
562,6650046.862720154,6623046.862720154,25000
563,6674024.135447427,6647024.135447427,25000
564,6698001.408174699,6671001.408174699,25000
565,6721978.680901972,6694978.680901972,25000
566,6745955.953629244,6718955.953629244,25000
567,6769933.226356517,6742933.226356517,25000
568,6793910.499083789,6766910.499083789,25000
569,6817887.771811062,6790887.771811062,25000
570,6841865.044538334,6814865.044538334,25000
571,6865842.3172656065,6838842.3172656065,25000
572,6889819.589992879,6862819.589992879,25000
573,6913796.862720151,6886796.862720151,25000
574,6937774.135447424,6910774.135447424,25000
575,6961751.408174696,6934751.408174696,25000
576,6985728.680901969,6958728.680901969,25000
577,7009705.953629241,6982705.953629241,25000
578,7033683.226356514,7006683.226356514,25000
579,7057660.499083786,7030660.499083786,25000
580,7081637.771811059,7054637.771811059,25000
581,7105615.044538331,7078615.044538331,25000
582,7129592.317265604,7102592.317265604,25000
583,7153569.589992876,7126569.589992876,25000
584,7177546.862720149,7150546.862720149,25000
585,7201524.135447421,7174524.135447421,25000
586,7225501.408174694,7198501.408174694,25000
587,7249478.680901966,7222478.680901966,25000
588,7273455.9536292385,7246455.9536292385,25000
589,7297433.226356511,7270433.226356511,25000
590,7321410.4990837835,7294410.4990837835,25000
591,7345387.771811056,7318387.771811056,25000
592,7369365.044538328,7342365.044538328,25000
593,7393342.317265601,7366342.317265601,25000
594,7417319.589992873,7390319.589992873,25000
595,7441296.862720146,7414296.862720146,25000
596,7465274.135447418,7438274.135447418,25000
597,7489251.408174691,7462251.408174691,25000
598,7513228.680901963,7486228.680901963,25000
599,7537205.953629236,7510205.953629236,25000